"","baseMean","log2FoldChange","lfcSE","stat","pvalue","padj"
"DLEC1",1498.69845955459,4.0375563484203,0.623463752544939,6.47600815915802,9.41809569226879e-11,1.48826093571473e-07
"CLDN11",131.427504217695,1.55314707968099,0.43267560732225,3.58963402002977,0.000331142548754673,0.0208714148321927
"PHLDB1",53.4077259319183,-2.17780308740121,0.443077799919005,-4.91517085216032,8.87050662312649e-07,0.000203721676251773
"BIRC3",8042.87983201883,1.4064869013694,0.419230646062002,3.35492386966717,0.000793868288321602,0.039115251987837
"CD44",57681.0798080608,1.6276462819105,0.446090171298878,3.64869344054653,0.000263577399857444,0.0181090770715722
"SLAMF7",30431.5986587079,2.9693692838856,0.724539303963569,4.09828599724233,4.16220808074159e-05,0.00444833475218581
"POU2F2",14584.2718533352,1.4817200543579,0.38455335597956,3.85309354688524,0.000116634803486083,0.00997215724390889
"ARHGAP31",3945.56494348498,2.35093448122795,0.5662184605551,4.15199193421418,3.29593880961863e-05,0.00368262900430267
"FBXO42",2084.19283463717,1.0097579268758,0.287725848805239,3.50944460175806,0.000449043591746445,0.0261426088952805
"MSR1",53.977393224232,-2.65820424729473,0.771082977160324,-3.44736471434518,0.00056608383493916,0.0305450553179489
"CYBA",20135.9521717254,1.20238616476702,0.360905294303802,3.33158361416243,0.000863533543570015,0.0413505467194793
"EIF2AK2",2015.45889382882,-1.57539962364759,0.373448581032112,-4.21851816733005,2.45913159760273e-05,0.00294072261263596
"TRAF1",6015.35335798679,2.41194991314722,0.611185744249963,3.94634517548691,7.93531930722907e-05,0.0074386893658402
"GNA15",3800.92481600818,1.88361650520073,0.356566939320497,5.28264484865116,1.27332087496242e-07,4.20442950996918e-05
"PIGV",833.027897036881,1.30321768884811,0.298892716993688,4.36015203701209,1.29972107520042e-05,0.00176403247525514
"IFI35",353.387794387492,-1.61922317627368,0.421563279777453,-3.84099672326413,0.00012253575042522,0.010307446413145
"OTUD5",7123.25703695724,1.0349147058637,0.31046466265477,3.33343800551788,0.000857797855289669,0.0413505467194793
"BCL3",5993.71458639184,1.21092261041529,0.336962055264152,3.5936467964205,0.000326081797873177,0.0207893591191593
"PFN2",26.4130555035034,1.56524838716034,0.432322486062504,3.62055742558355,0.000293968993522164,0.019588783264129
"DHRS9",539.080883536518,-2.23888322335255,0.679620594364781,-3.29431338884773,0.000986624314487868,0.0454731035612815
"MGLL",1773.85217972686,2.3385216134976,0.663578546398925,3.5241067183202,0.000424913075121365,0.0250676052290932
"FNDC3B",20349.5948165644,1.31982407674199,0.381364715863053,3.46079231203952,0.00053858815300488,0.0295662176400173
"RBMS2",643.883861030934,2.16770430377213,0.447934145249847,4.83933704710775,1.30272954232667e-06,0.000282551820244048
"MLH1",749.942159577057,1.23702491304103,0.344454243939645,3.59126047887447,0.000329082530848424,0.0208604379081939
"NFKB2",36720.6619809701,1.75157931234419,0.416593382255737,4.20452985321053,2.61625407230336e-05,0.00311179509900899
"EDN1",383.777281448535,3.46701305955413,0.788625684852085,4.39627205421849,1.10125893301673e-05,0.00155179308121841
"SLC1A3",88.3554622642256,2.24335929248516,0.625612768894331,3.58585918322917,0.000335970225208064,0.0210557203747252
"RAB21",15750.4222297529,1.54211601970643,0.352872933510644,4.37017371767311,1.24147731274462e-05,0.00170591320433846
"MOK",90.3485439882788,1.76342516202585,0.318666474579243,5.5337643043694,3.134300929547e-08,1.38680278928736e-05
"MGST2",101.59220760068,-2.11468582270519,0.560680979461553,-3.77163824022713,0.000162179267681742,0.0126780633884211
"PIR",204.893321059594,3.05286033453403,0.708884481098219,4.30656956942332,1.65805798830342e-05,0.00215771863971979
"RFX2",1148.5330739147,1.21457353471748,0.32590115939641,3.72681563013445,0.000193914197474219,0.0143958516467186
"GRAMD1A",13913.5363632991,2.05130434932615,0.44568430403294,4.60259500001269,4.17259132313582e-06,0.000748081822082824
"IRAK3",26006.7552667004,2.45070792389387,0.421123159164426,5.8194565427284,5.90392709855961e-09,3.51110218889115e-06
"SEMA6A",451.787106957591,5.14607885205565,0.569618032881963,9.03426253206774,1.65111951426035e-19,1.82638585069908e-15
"COL9A3",674.161964391983,2.18559846970598,0.610854385724064,3.57793693682878,0.000346316978803787,0.0215818887945808
"FKBP5",1275.73098277305,2.03925416363823,0.515644332602767,3.95476888758748,7.66086700943648e-05,0.00721197280211758
"BRPF3",5940.10001153159,1.04156241762669,0.286365085771392,3.63718368397109,0.000275635372212711,0.0186479551665499
"IL12RB1",573.765683981441,-1.16434266728221,0.262639808922459,-4.43322995116085,9.28317628529378e-06,0.00136914472639703
"UPB1",2021.1346616308,2.96654576036561,0.582238632087268,5.09506857992373,3.48615034967017e-07,9.64051302321916e-05
"APOL1",651.139194548835,-1.42995685136993,0.334722495478315,-4.27206677378088,1.9366956015189e-05,0.0024344043632047
"PSMA6",2166.76125305926,1.3839974990534,0.313910006314895,4.40889895578882,1.0389748285079e-05,0.0014829187181342
"TCFL5",1313.61117033516,3.15317820058064,0.527169707872953,5.98133419559182,2.21317266151692e-09,1.8134081033607e-06
"CCM2L",242.410763434586,2.9041598941516,0.486075123677913,5.97471409805366,2.30494047943796e-09,1.8211499366645e-06
"HCK",32578.5365250621,1.32076571371427,0.354613732231452,3.72451936760367,0.00019568768935074,0.0144789255903225
"TM9SF4",2850.07942388115,1.0931007033344,0.245642548379649,4.44996483933629,8.58843489961427e-06,0.00131035824333908
"KIF3B",1733.95829007995,1.43845343524174,0.262192697067769,5.48624523615144,4.10566827101956e-08,1.68020889481734e-05
"JAG1",3046.29569641028,2.23354389025299,0.65445734976855,3.41281810196324,0.000642948412744543,0.0337060372870794
"PIM2",23517.4879817261,1.4891261997587,0.346425758482993,4.2985435213583,1.71924145263323e-05,0.00221132434050029
"SLC35A2",1064.26316572212,1.21483271928838,0.337289739324887,3.60174822311515,0.000316084417627146,0.0203974583046364
"CTSH",1226.60971448816,1.46133970724602,0.310876537260209,4.70070761893123,2.59261506499052e-06,0.000512110920382011
"BMF",7307.08582515726,2.09121796720857,0.435094616602183,4.80635219883821,1.53709020966332e-06,0.000326971602965207
"DMXL2",33734.8134313197,2.30099766747736,0.650700353167971,3.53618628954913,0.00040594832234129,0.0241419213310655
"INTS9",851.172889506832,1.07289623700519,0.294782872840542,3.6396152417768,0.000273045719601597,0.0185294185728409
"ERICH1",981.916545738934,-1.04611420092,0.311780407008435,-3.35529166491755,0.000792813477917969,0.039115251987837
"DOT1L",3971.38985705372,1.17442639348197,0.304819481858347,3.85285870286905,0.000116746766992379,0.00997215724390889
"EBI3",548.110389697892,3.75852573027525,0.849715316095912,4.42327643044509,9.72152256560553e-06,0.0014149292349927
"HAS1",23.0875362611772,2.73111754649941,0.660469592082502,4.13511474144938,3.54777328792706e-05,0.00390484519645822
"KCNN1",513.84412200004,4.25242939186489,1.14340211659613,3.71910225645219,0.000199932106280007,0.0146460198252735
"HAMP",43.5694627917023,3.99580455595928,0.886569122998729,4.50704231887062,6.57375263621481e-06,0.00103879378264986
"HPN",322.731835252893,4.48996467532686,0.691169726981862,6.49618248607797,8.23837189672145e-11,1.40198078054745e-07
"SCN1B",1350.6345551729,3.77872060654671,0.619978344408135,6.0949235414893,1.09489770374182e-09,1.15344866189906e-06
"SMG9",2736.74791317094,2.49646038415143,0.431471403392298,5.78592315625986,7.21151772123943e-09,3.89122942797512e-06
"DNAH11",3.4165950274039,3.83037048766452,1.1273981635408,3.39753124631189,0.000679968222169418,0.0348216133774399
"TFEC",11328.3829683225,2.22261904532181,0.619820871995734,3.58590545388588,0.000335910652597026,0.0210557203747252
"CPVL",52.350383129387,-2.33953548335345,0.611035631265866,-3.82880369595911,0.000128767662981949,0.0105900632273222
"URGCP",897.270025499532,1.90573318012296,0.491683202635915,3.8759371276186,0.000106215109929173,0.0094580574319773
"PRKAG2",3261.00491018768,1.86038557971769,0.387433766526422,4.80181579524463,1.57233300603105e-06,0.00032922170688772
"TESK1",1402.29200475728,1.15694923346816,0.325684329187238,3.55236383757054,0.000381786555681616,0.0231269412194114
"RASSF4",3411.73803643543,2.12856722073689,0.613530927561437,3.46937232520156,0.000521675950587704,0.0289975805398286
"FBXL15",366.855046863635,1.44639385360908,0.360149561701241,4.01609222228883,5.91711086691875e-05,0.00587602744882197
"MAP3K8",6916.25799729718,2.10350483736356,0.460821827194667,4.5646814304978,5.00253406893553e-06,0.000857915203155509
"CSF3",93.5184747430758,5.74228124628792,0.967122209610719,5.93749289306393,2.89413586850654e-09,2.06538605867646e-06
"ENO3",235.357893504503,1.10834666397508,0.29633921311408,3.74012825480644,0.00018392638192453,0.0138401474398516
"CCL1",15.1721654232512,4.80920313337197,1.29984883630417,3.69981723955369,0.00021575478552592,0.0156496495743932
"ABCC3",182.859277852893,3.79930202140951,0.794041478934047,4.78476518192709,1.71187348197283e-06,0.000350664602237823
"TRIM2",345.429981228982,3.05991130656252,0.784645290583128,3.89973831906704,9.62967098031734e-05,0.0087310332417033
"CRTAM",56.1425065300501,-2.14458460548827,0.60368835103154,-3.55246975003535,0.000381632895378423,0.0231269412194114
"SLC1A2",256.797799651213,3.30860102942281,0.850909958795128,3.88830920971676,0.000100944974774673,0.00907807185748008
"VWF",391.090419651694,-2.65060783120194,0.593862799044073,-4.46333367819732,8.06942399458592e-06,0.00123972129883489
"SLC11A2",7987.59036216636,3.38460120813841,0.482198299763243,7.01910647507516,2.23291578767695e-12,5.48875510786413e-09
"WNT5B",515.18575984745,4.78289862211334,0.883387810778393,5.41426830182195,6.15398323055332e-08,2.19588017757308e-05
"TRPV4",8.22765576355352,5.22746533906462,1.18998944114802,4.392866993863,1.11865571025985e-05,0.00156633039734675
"MDM1",1523.68528461223,2.82870332804605,0.418062843819417,6.76621558185619,1.32194526407669e-11,2.65867227974259e-08
"DSE",11718.0778187066,1.79984403768141,0.445104027410068,4.04364806167715,5.2625896500391e-05,0.00541508236408442
"MEP1A",8.29718168638736,4.54097373964227,1.30513298820135,3.479318797926,0.000502690194653395,0.0284424940570769
"IL12B",241.417334175844,3.46638436075486,0.758651574816085,4.56913881922039,4.8973234005564e-06,0.000846433481175854
"HHLA2",43.5726623059217,4.65317656121802,1.24035460459104,3.75148892421151,0.00017578752009725,0.0134101631279706
"TTL",1696.71080377326,1.39203185990658,0.369442617123178,3.76792442286769,0.000164610519218003,0.0127331416666429
"IL1A",4433.74160121302,5.27559031333322,0.64597098237672,8.16691532168016,3.1637480291989e-16,1.74978994124918e-12
"CCL20",94.4173444584482,3.70475926344827,0.840628612557515,4.40712962669325,1.04749504672773e-05,0.00148549569992035
"STAT1",7672.92291897328,-1.68242277306484,0.457354570680755,-3.67859617224469,0.000234521257965777,0.0166109874555107
"PRKD3",1840.47383043353,1.25546984542271,0.355565676540868,3.53090843198532,0.000414135089037242,0.0245627629350426
"QPCT",8431.19325182582,1.84716256938115,0.465997327946068,3.96389090367259,7.37379610855613e-05,0.00706192603071806
"ARID3A",10046.2152777222,1.01651454812685,0.274917699205412,3.69752311715419,0.000217713398460971,0.0156888388083129
"RHOU",1629.91756182575,3.68178931727878,0.714539263874048,5.15267600175961,2.56795416247627e-07,7.74098471740936e-05
"NID1",79.7396869153581,2.44604354573969,0.63373302501295,3.85973816922309,0.000113508580173177,0.00984764831047531
"CD48",5665.74767496234,1.26798507249119,0.357030505411879,3.55147544333338,0.000383077737669428,0.0231269412194114
"CAMSAP2",165.514159916473,1.59475096055042,0.363271200309039,4.38997354922093,1.13364449443814e-05,0.0015773344119783
"TNFAIP3",38418.7700621997,2.01507507488014,0.446136602310833,4.51672215290731,6.28042245369507e-06,0.000999581193835224
"IFIT3",5002.7434516263,-1.80744020649798,0.469619451198598,-3.84873369679406,0.000118729994430291,0.0100638454665951
"IFIT2",8766.23621551778,-1.85031131736664,0.366529945834035,-5.04818593513899,4.46024951501069e-07,0.000116087176494802
"TNFSF10",1410.9632902344,-1.77630706076674,0.474514340094368,-3.74342124289327,0.000181531518867514,0.0137065590167441
"ZMIZ2",6197.88058215228,1.1718816346872,0.345934326622278,3.38758412941993,0.000705110886317258,0.0358444834538463
"PLAU",10553.7686388994,2.04011094024096,0.44449101786891,4.58976865274392,4.43737545508045e-06,0.000781265922610714
"P4HA1",2380.78588069354,1.49297301732303,0.432136034243833,3.45486814108313,0.000550562010901249,0.030000205337853
"GUCY1B2",46.0394099576669,3.77591618185762,0.97522280513243,3.8718497578047,0.000108012526076463,0.00948238537456185
"TNFAIP6",41152.4512773903,2.24683007765024,0.646840087351493,3.47354797821816,0.000513625525308824,0.0286942866070887
"PI3",105812.009198677,3.3274461495642,0.668477038867274,4.97765211981329,6.43601962155718e-07,0.000154765284877945
"ZBP1",1617.51473467789,-1.23980422304926,0.340315148771729,-3.64310618414719,0.000269367650365403,0.0184372725238744
"IL17C",50.4154690270952,1.74867578461568,0.439996301755903,3.97429655121463,7.0587569776023e-05,0.0068491614305042
"CDKN1A",7305.86319072333,1.42907001371845,0.404023779658802,3.53709381889674,0.000404555929813824,0.0241239645155559
"C1orf61",1391.32927505786,2.02181816991624,0.492856111564721,4.10224834890932,4.09154758093848e-05,0.00443451902470016
"IL1B",20919.3951492244,2.93711309892182,0.462526579258329,6.35014987383329,2.15105256102335e-10,3.00480918807109e-07
"C3",10885.7975892364,3.56868854201217,0.690459367228494,5.16857140534844,2.35890162292355e-07,7.35013811323066e-05
"SH2D3A",480.375081078485,2.25226602180967,0.385176924468457,5.84735449798242,4.99452375963406e-09,3.18087530393011e-06
"TRIP10",1019.24060668364,3.4588172671348,0.6511891450794,5.31154011591066,1.08702635166881e-07,3.64367939060137e-05
"RTN2",2011.86757761647,1.9542104015657,0.470119547632476,4.15683715218207,3.2268382969004e-05,0.00364221141032284
"PLAGL2",5262.50185837358,1.62881898950097,0.390895147473973,4.166894882238,3.08776793174028e-05,0.0035394139872482
"FFAR1",393.750280073444,3.39335114828926,0.70571260975678,4.80840373457229,1.52140261459965e-06,0.000326776602357165
"RAP1B",15429.7635329373,2.15458252193273,0.378973528647463,5.68531139792884,1.3057451507373e-08,6.56522726585483e-06
"TICAM1",2380.39955702576,1.77389818892877,0.379661328820319,4.67231728456678,2.9782041961202e-06,0.00057292879505015
"ADORA2A",13599.2072547175,2.16104011419261,0.6197216456476,3.48711414127606,0.00048826292450468,0.0279117330201991
"APOL2",2678.48814491874,-1.25065025530324,0.3699182117838,-3.38088316677469,0.000722532576382385,0.0362848753831793
"DNAJB9",1827.28094524716,1.21962859200581,0.35507351624165,3.43486217985283,0.000592855258665239,0.0316805238827321
"QRICH2",375.291864759655,1.73946731332366,0.24119212339098,7.21195737600408,5.51532403632405e-13,1.74307876650853e-09
"BST2",367.074931266531,-1.3867935100202,0.394413887034021,-3.51608692191048,0.000437957576276271,0.0257000940582492
"HELZ2",6098.21262069642,-1.10838191587303,0.191182833194834,-5.79749707309484,6.73119552971695e-09,3.7228559675982e-06
"SH3BP5",5179.20683026412,1.47264233328985,0.293952947872894,5.00978930113204,5.44896584865942e-07,0.000135446597157182
"RHPN2",32.9739913923073,-1.97610011804174,0.595334588210507,-3.31931011094386,0.000902401546682576,0.0428354685146216
"ZSWIM4",1805.70639548201,1.48762973977544,0.354515374340773,4.19623476849687,2.71388937984774e-05,0.00317668649472865
"TRIM22",4069.39406591052,-1.7619193879261,0.457284296609034,-3.8530065453625,0.000116676270249422,0.00997215724390889
"XAF1",1676.76708609058,-2.08815463157212,0.610736563782277,-3.41907584284823,0.000628342101482456,0.0332555318447282
"AGAP3",4873.08757854318,1.57432238754217,0.448793238826031,3.50790130363893,0.000451656578367867,0.0261570640922312
"ADAMDEC1",225.040209718471,4.41101539272433,1.26708738812174,3.48122428971768,0.000499127344848066,0.0283133185899327
"IRAK2",16469.0843578351,2.33108037131921,0.652090771891796,3.57477895992372,0.000350523905334245,0.0217176403933857
"SLC43A3",11423.3165956303,3.03303141824468,0.567269652508358,5.34671898070555,8.95629072728867e-08,3.09593780874699e-05
"TMEM165",1819.81383456414,1.43032100071756,0.402784838878636,3.55107954087748,0.00038365445136392,0.0231269412194114
"HAVCR2",395.477167590665,-1.76486498149715,0.4129445686102,-4.27385444839958,1.92122477797582e-05,0.00243126461621323
"MDM2",21215.296658136,1.33162422161074,0.370294662665498,3.59612048422542,0.00032299824381052,0.0206522836642201
"HTR2B",8.79716620763315,4.61801317904087,0.978228018904894,4.72079422158715,2.34925517752997e-06,0.000476812589839408
"CKAP4",2875.35978019109,1.20045075909891,0.361619403066124,3.31965251012652,0.000901295593172465,0.0428354685146216
"DRAM1",2989.23739593537,1.58667529855533,0.453355612462977,3.49984704046186,0.0004655251998291,0.0268023758254401
"VILL",3155.75410706003,2.69002540793752,0.487024720183889,5.52338576760916,3.32528518915265e-08,1.44245655371812e-05
"IL6",295.830388144331,3.43898823005373,0.732669000047586,4.6937815436853,2.68200439188417e-06,0.000525079497005784
"SKIL",37083.9400862695,1.56797675005218,0.338149810620557,4.63692925681283,3.53623373156935e-06,0.000662983888504311
"IL36G",41.345965913847,6.41120308560034,1.29004435143657,4.96975400765169,6.70378969484056e-07,0.00015947090260103
"IL1RN",27478.2378660828,2.0601532256492,0.474311477457962,4.34346062357681,1.40255626312015e-05,0.00185800911431181
"ZSCAN9",350.806427516799,1.0496850482057,0.285390988088376,3.67805954643755,0.000235015100735652,0.0166109874555107
"RNF144B",16334.7303684697,2.09383929077474,0.584744094944744,3.58077885501794,0.000342571514194143,0.0214087842048503
"ANKRD42",445.870666438634,1.09153571656215,0.275718459973126,3.9588778954755,7.53027208446169e-05,0.00711932518480965
"CASP5",1660.50653089063,4.61223907219323,1.07184686495774,4.30307651492274,1.68442645575308e-05,0.00217921441407166
"CYP19A1",38.4999794926572,7.74223279729418,1.27842224866503,6.05608421269175,1.39475004832254e-09,1.34156762256694e-06
"IFI44L",1044.44282294996,-2.97924326439023,0.818093672637456,-3.64168965490887,0.000270854475896541,0.0184372725238744
"IFI44",380.874498355375,-2.21780761209492,0.649470714659354,-3.4147923255603,0.000638306586651107,0.0335421772363004
"PARP9",2781.95849139912,-1.84618169715698,0.444063215511739,-4.1574749555183,3.21784539249765e-05,0.00364221141032284
"HERC6",396.516607602702,-1.61655032872333,0.475172652807136,-3.40202728244855,0.000668879601182695,0.03453689777285
"HERC5",963.248948031187,-1.8232371529608,0.474864460867616,-3.83948958747007,0.000123290357954039,0.0103316385947621
"GPR84",1975.50080228931,2.7591021877631,0.539333966210455,5.11575825114353,3.12483076606764e-07,8.86290141509158e-05
"BCL2A1",14376.2441397275,1.79400093900039,0.432028913795423,4.15250202408882,3.28859844544414e-05,0.00368262900430267
"PML",2080.75420070884,-1.30743871376307,0.313912382652255,-4.16497973962188,3.11380215275547e-05,0.00355085799100047
"SECTM1",2738.94967271601,-2.42968914797617,0.644510812873243,-3.76981906190924,0.000163365940445894,0.0127258616214243
"VAV1",15417.6395654561,1.21799277577109,0.258338891546725,4.71470930481557,2.42056072997993e-06,0.000486818772994055
"SIGLEC10",27686.9805559944,2.12554562820966,0.59058368561699,3.5990591680315,0.000319370526025489,0.0204823972929689
"BEST4",29.4627376502487,1.88295319705273,0.546131465533359,3.44780206944094,0.000565168038756132,0.0305450553179489
"HDGF",14614.0376301812,1.87237820677771,0.347994136711883,5.38048779921808,7.42842738698091e-08,2.60855712828855e-05
"HMCN1",185.568445578673,1.74844144887615,0.530091312775364,3.29837785818814,0.000972451769048415,0.0451017829908974
"DUSP10",1687.30435891995,1.73172213404047,0.429916771355182,4.02804042415406,5.62436747522357e-05,0.00568163843170644
"EAF1",4827.237706975,1.29170761215499,0.36776499423779,3.51231800849375,0.000444216122353285,0.0259983949069358
"TNIP1",44521.4317714772,1.66773195540404,0.40230259907409,4.14546652008307,3.39122550517191e-05,0.00377005436436774
"PLA2G7",877.05564065484,2.36739715234566,0.711568869000985,3.32701057547584,0.000877830419471248,0.0419443679696812
"NFKBIE",10966.4804351522,1.03811334107994,0.252217898849234,4.11593842394382,3.85607251193117e-05,0.00422316297927986
"WTAP",15557.3307787242,1.25393626638049,0.362689984989741,3.4573225572136,0.000545571401401558,0.0298016694153251
"EPHA1",67.193830981511,4.77704831995244,1.01364552547332,4.71274049941849,2.44407361024457e-06,0.000487119283598564
"PTGES",91.7854278791764,2.28384830416767,0.596368710548254,3.82959109653503,0.00012835636209178,0.0105900632273222
"GPR107",7600.79530391543,1.26691888068564,0.326991239528552,3.87447346452539,0.000106855485398182,0.0094580574319773
"SERPING1",307.013210842387,-2.18733173321271,0.612946373957249,-3.56855318205254,0.000358957997187151,0.021937093292186
"CELF1",14141.6288921765,1.2535834433348,0.335943810580525,3.731527129994,0.000190322508450619,0.0141767840217275
"ZC3H12C",2509.34622210403,2.60691018265334,0.780979391101545,3.33800124863267,0.00084383370184538,0.0411192356518179
"FCGR1A",736.241856415251,-2.56646617979026,0.73842638787686,-3.47558838893803,0.000509733985423168,0.0286214339074029
"RILPL2",12702.1676641304,1.44650440729222,0.414123463310671,3.49293033465981,0.000477751128410679,0.027381575683496
"BTBD11",210.438820725706,-1.60004484172596,0.440740116459157,-3.63035898474705,0.000283027301927814,0.0190316504575958
"ADAM17",6742.25259077427,1.69427812494539,0.40081162516593,4.22711822353951,2.36703316111672e-05,0.00287724585842776
"TRIM36",439.597673256381,3.32877963980551,0.524334820488822,6.34857634803308,2.17316580071136e-10,3.00480918807109e-07
"RAB3C",295.548864602004,4.2640399268129,0.708868357345663,6.01527756546994,1.79578731184974e-09,1.52800779615584e-06
"RGPD3",27.3552672586863,1.46999165360772,0.395116892421791,3.72039687951001,0.000198909948384661,0.014619550791076
"DNAAF1",83.2732066720755,4.67392544516182,0.906960725251118,5.1533934326293,2.55814474625588e-07,7.74098471740936e-05
"C21orf91",2536.8988580167,1.2301699236983,0.353106082735594,3.48385367413636,0.000494249624303936,0.0281087003559794
"AZIN1",9600.75481659935,1.40788395508667,0.404824532518746,3.47776343080561,0.000505615949489761,0.0285350552310254
"GTF3C6",727.230694670537,1.98035835214001,0.454878704905124,4.35359653196573,1.33922083961735e-05,0.0017847941346298
"HSPA13",2206.63708698304,1.07733550599456,0.292142696162726,3.68770303055762,0.000226287523741826,0.0161488996378723
"SAMSN1",14856.5635857162,2.09048174636762,0.460143896207456,4.54310437147498,5.5431788406562e-06,0.000908383299939533
"SLC7A7",5359.69200646051,2.88877384129589,0.543671922947304,5.3134504824813,1.07568675839329e-07,3.64367939060137e-05
"PIK3AP1",36455.4536409658,1.26602543605389,0.345481857885065,3.66452074735303,0.000247802153100656,0.0172895712324918
"CFAP70",674.404819855455,1.3104196514738,0.340007460653058,3.85409087482039,0.000116160447685444,0.00997215724390889
"BATF",405.212165079318,1.28899666230187,0.381293362303947,3.38059035308972,0.000723302899425127,0.0362848753831793
"RPGR",1588.96710107079,1.33282457257286,0.407041012840628,3.27442329034964,0.00105877881048437,0.0475118937613504
"SFR1",279.44593901206,1.25652442907256,0.319808232463119,3.92899338267492,8.53021865712342e-05,0.007830457566454
"UBE2L6",2449.02509533381,-1.41708770508205,0.349626750391649,-4.05314439897589,5.05337890452723e-05,0.00524863387346741
"MMP14",5368.20026470268,7.0790216114365,0.792054027447007,8.93754891223014,3.97897597298672e-19,2.93422951501284e-15
"ETS2",16891.2942208927,1.35966741820021,0.336744096097004,4.03768747235449,5.39807020927791e-05,0.00547805079081905
"SLC35B2",2057.00747730848,1.48277535016182,0.323101600221226,4.58919222048597,4.44964544812864e-06,0.000781265922610714
"MX1",2531.8917813567,-1.78286296234681,0.52575574908775,-3.39104796369853,0.000696259149537887,0.0354915695051306
"EYA3",5752.53282692466,1.05775131715423,0.310530646697879,3.40627029377663,0.000658569432910902,0.0342007783199246
"B4GALT5",13071.8650048268,1.54068090045146,0.42680107508442,3.60983369160145,0.000306393386414748,0.0199536494043853
"IFNGR2",12924.355683913,1.30673394067566,0.385800217560592,3.38707414147695,0.00070642294380857,0.0358444834538463
"DRC7",55.9986203138441,1.56693634822275,0.441587915217272,3.54841311146791,0.000387559843317621,0.0232988761242275
"PTGIR",210.481689689146,3.17467118617564,0.689909223514243,4.60157811777697,4.19301839435295e-06,0.000748081822082824
"CPAMD8",180.341994271706,3.62655213679713,0.620337112810407,5.84609893863549,5.03234803767815e-09,3.18087530393011e-06
"SLC2A6",885.086153283891,2.94312099126305,0.586595977314621,5.01728805699687,5.24059635296402e-07,0.00013174740126889
"PRPSAP1",1873.4006698035,1.65971592027384,0.374129046468666,4.43621241371016,9.15555087914184e-06,0.00135938424227688
"FMNL3",24084.2737849219,2.50433242371868,0.502221919668094,4.98650561762365,6.14811196734079e-07,0.000151127423392756
"CYB561A3",3293.43792890787,1.00719367739583,0.302218701564107,3.3326649614441,0.000860184596360637,0.0413505467194793
"AK4",265.998136013879,2.19202455257196,0.541496331762757,4.04808753816699,5.16378347847626e-05,0.00533824214459488
"SGPP2",1817.07270616022,4.15801834396949,0.724596507019494,5.73839137187233,9.55800375889054e-09,5.03456469423656e-06
"CTLA4",6.1928649947125,-2.71006421160981,0.808655672544924,-3.35132035008293,0.000804272040806078,0.039473968858909
"DNASE1L3",22.7122876307105,-2.69147108625785,0.717101546310271,-3.75326353723035,0.000174547181585274,0.0133616169488271
"CXCL3",919.162372909877,1.49887738751209,0.371168242663976,4.03826948327864,5.38469727046735e-05,0.00547805079081905
"CDCP1",216.356167381434,-2.120070709975,0.586486879025452,-3.61486468972309,0.000300504530752037,0.0197115953490828
"DTX3L",3369.75246940609,-1.58292725644028,0.377132057701561,-4.19727579269569,2.70144881546109e-05,0.00317668649472865
"ZC3H12A",15249.8266990044,1.60514645908756,0.315827509394727,5.08235163606795,3.72790467529066e-07,0.000101817821149945
"ANXA5",7330.61948937792,1.70442379950712,0.42029959588671,4.05525919174698,5.00787410897021e-05,0.00522590560909188
"BMT2",2934.8559305978,1.48264256405364,0.40706308383418,3.64229187792821,0.00027022142958526,0.0184372725238744
"FABP5",122.452952863918,-1.17881031798025,0.245525752386341,-4.80116772486398,1.57743077024356e-06,0.00032922170688772
"RASEF",10.6042367892585,3.79109136931246,0.956756954072091,3.96243931457937,7.41878679251139e-05,0.00707438880218662
"DYNLT3",1421.06025160999,1.52937100734914,0.38853259529295,3.9362746546297,8.2756255860501e-05,0.00769250692605825
"FRMD7",13.3142324064551,2.57114287697221,0.746151882886118,3.44587065441291,0.000569222744318845,0.0305653271178782
"RAPSN",129.694794628473,1.84034271796356,0.404399064500224,4.55080854412447,5.34401587102833e-06,0.000888914760261352
"C15orf48",14450.8212955746,4.14032055032308,0.625727606490885,6.61680978651754,3.67033265869843e-11,6.76656411736544e-08
"MS4A14",101.256022641861,1.79324592773962,0.488408619957938,3.67160990707752,0.000241027384563313,0.0169354082577392
"SAMD14",229.031048567561,3.53902785019637,0.604398568727624,5.85545372426461,4.75709471189555e-09,3.18087530393011e-06
"TBC1D16",167.534059255939,1.69450068793593,0.365085541886275,4.64137987820886,3.46090193446941e-06,0.000657263152777391
"LAIR1",6652.38193161821,2.5556812247896,0.562926548967952,4.53999057154986,5.62567438113591e-06,0.000915123487749042
"BATF2",234.847097321802,-2.43727982287534,0.647417091987592,-3.76462075691083,0.000166802045118583,0.012857706077207
"MFSD2A",4155.21885759113,3.81270941711648,0.547957305141813,6.95804103958382,3.45036715750878e-12,7.63324726255667e-09
"CLIC4",8969.49763273159,2.46492198222694,0.537401631482465,4.5867407871972,4.5021909120741e-06,0.000784267476754451
"LIMS1",8064.55408332822,1.53959741446026,0.45016961432859,3.42003850427912,0.000626122727422544,0.0332175374071198
"UBE2E1",3967.32300971619,1.5213293199817,0.363679548972622,4.18315883936665,2.87486379710583e-05,0.00332987496248023
"SLC30A1",1707.96923877944,1.59196912845555,0.480550333369593,3.31280412874288,0.00092365642075985,0.0433843970201065
"SERPINB9",6582.95987363933,1.65501171196526,0.450773281613335,3.67149469472083,0.000241136084671511,0.0169354082577392
"STAT2",5248.25206632781,-1.25571602124293,0.294082490057715,-4.26994487497877,1.95521286244488e-05,0.00244379515004905
"TPPP",100.206176750008,2.91885499605429,0.791330111609454,3.68854281321072,0.000225542078212754,0.0161488996378723
"PTGER4",9365.2170874269,1.23317221724754,0.34776914420891,3.54595063358109,0.000391199485402258,0.0234539463836156
"FRMD3",215.250440688026,-1.43727327585541,0.34940968734566,-4.11343282086385,3.898185190541e-05,0.00424825374238121
"MRPL52",896.129939504302,1.99792678607994,0.470144947786969,4.24959748155208,2.14154996891712e-05,0.00264678826605326
"RND1",376.647905371822,3.11756780910181,0.626136697401504,4.97905301196984,6.38961410254743e-07,0.000154765284877945
"CCL19",153.313158006769,5.4132247814349,1.22660647477964,4.41317153686752,1.01867220140126e-05,0.00146338215010389
"XCR1",84.4019029892258,-2.79186762392644,0.817219115523487,-3.41630239784351,0.000634777141882995,0.033515930095173
"AC124319.1",48197.872260562,-1.02079896653461,0.290852544487282,-3.50967865292045,0.000448648549671416,0.0261426088952805
"MARCH3",235.950655437257,1.0431193976574,0.29731796935236,3.50843038491618,0.000450759186774258,0.0261570640922312
"CEP135",1097.13316507924,1.0343607537944,0.253787228788214,4.07570057300867,4.58760197245933e-05,0.00483292944936752
"ADGRE1",4808.37352366857,3.04560177471166,0.761745073461468,3.99819031434238,6.38286220742507e-05,0.0062759138051051
"WFDC5",75.2994452704658,2.25546509219032,0.50067613158368,4.50483845725999,6.64234524742953e-06,0.00104218868020485
"SLC35E3",2648.12952210459,1.49769874517667,0.312380469096186,4.79446986397701,1.6310558023618e-06,0.000337232219772431
"GAPT",19894.3412687454,2.10642974578132,0.467894325468474,4.50193479835917,6.73376413006177e-06,0.00104909199893913
"PLEKHF2",5419.93350214786,1.29886510303013,0.359188073414108,3.61611422863885,0.000299058449500331,0.0197115953490828
"FO393415.1",41.5982801369948,2.75309655638563,0.559142821280352,4.92378056483218,8.48880230205168e-07,0.000197681866661357
"KCNE5",75.1490562157786,1.82043591735778,0.480870621139869,3.78570833261257,0.0001532713635626,0.0121100799146264
"SPHK1",1359.29168257766,1.88534755935492,0.417402270855054,4.51685985199066,6.27634148571386e-06,0.000999581193835224
"SAMD9L",4578.97028934018,-1.43589933439703,0.339253269023895,-4.23252910289832,2.31078000040408e-05,0.00282438596402981
"ODF3B",1536.94782970551,-1.02124717639523,0.285986677686493,-3.57096066382069,0.000355674313690391,0.0219180580550767
"PDE4DIP",4116.75078257984,1.99389712181197,0.540597802514978,3.68831895456462,0.000225740564014233,0.0161488996378723
"NDUFV2",4251.73963638794,1.10550510114172,0.278716363968403,3.96641619961376,7.29614118609632e-05,0.00701793615043517
"ZNF366",47.8850559970867,-2.80489722588971,0.579387504278796,-4.84114207706492,1.29095028737592e-06,0.000282551820244048
"PLEKHM3",12077.8385742987,1.87802342871184,0.489565035783083,3.83610611756178,0.000125000413887205,0.0103961810391979
"EPM2AIP1",4942.34112310747,2.21703012192505,0.440428918427648,5.03379780292346,4.80856863087292e-07,0.00012227582048368
"GRINA",24945.4128647056,1.68952746708359,0.425752519779377,3.96833227894716,7.2377369586883e-05,0.00699215959550486
"THBD",1138.28525258734,-1.65654098290464,0.499146584257926,-3.31874650683505,0.000904224734273303,0.0428354685146216
"ADORA2A-AS1",42.7552155287831,2.38903175995932,0.616617134122724,3.8744167616397,0.000106880366948168,0.0094580574319773
"HMGN2P46",110.003032045781,4.44553307706754,0.631953361805322,7.03459043934483,1.99847142883599e-12,5.48875510786413e-09
"LACC1",799.918326979536,1.93175113183879,0.39520569597707,4.88796379076195,1.01884263142419e-06,0.00022999852586732
"TDRD6",47.5596071203601,2.90726257276735,0.590410888635872,4.92413440999454,8.47345821955384e-07,0.000197681866661357
"SLC9A4",210.651697046652,2.76107699321443,0.84268601410652,3.27651930492989,0.00105095127804073,0.0473527395602749
"PNPLA1",1341.98217897842,2.8726262446926,0.52086853128531,5.51506968102685,3.48641796673542e-08,1.45528348449222e-05
"MAP3K15",52.4796442116189,-1.60282300840916,0.417994647874514,-3.83455390292542,0.000125792385181623,0.0104228649339815
"SPACA6",2600.93406280658,1.69565969594285,0.458540215650212,3.69795197469953,0.000217345996192991,0.0156888388083129
"TSPAN10",22.4474070688399,2.64450980748647,0.687762289413952,3.84509277142816,0.000120506838335156,0.0101754686430865
"SH2D7",6.71034306695654,5.10177332337583,1.55348956073185,3.28407312951133,0.00102318368848631,0.0465655967149711
"GPR132",2768.39924887444,1.3255885981688,0.328069056232421,4.04057796060375,5.33196362681957e-05,0.00546106626463561
"MAATS1",213.149524935099,3.2348854991956,0.951005705229829,3.40154163261705,0.000670069213959329,0.03453689777285
"OLIG1",2314.41811832579,2.54041674348717,0.411815629068864,6.1688206181761,6.88012257937428e-10,8.01099746439459e-07
"MAML2",9969.71696160215,1.39424663672907,0.397644685441881,3.5062624694197,0.000454446849186042,0.0262499416306601
"SNN",24864.6164872833,1.7110305403159,0.405323085617284,4.22139917767106,2.42790546361763e-05,0.00293511216238321
"GP1BA",31.0367366670255,3.53187052702794,0.777143891430998,4.54468029147667,5.50186978636519e-06,0.000908342278236993
"GAS2L1",80.6668750596876,2.89461414091059,0.533905887536919,5.42158123459619,5.9074140593001e-08,2.19588017757308e-05
"FAM174B",168.085817383617,1.36504217131408,0.4179849654904,3.2657685898165,0.00109167421732705,0.0487901186059117
"IFIT1",1471.62801652907,-2.18353208821041,0.654583220231718,-3.33575933620396,0.00085066770264205,0.0413505467194793
"FFAR3",1250.09690501309,2.96095626494405,0.670151496550357,4.41833865952064,9.94624867479274e-06,0.00143817555184601
"DLEU7",1039.95190900307,1.87039967953078,0.555652052215465,3.36613474578781,0.000762294616468846,0.037982531081397
"GSAP",5862.943847302,2.32512978658364,0.458761041145979,5.06828082170077,4.01424867186442e-07,0.000106996654659827
"GNG2",7347.39996454907,1.30958314450935,0.376976437817518,3.47391246012907,0.000512928347772784,0.0286942866070887
"SPATC1",572.767175831215,2.26401034091088,0.59771347298927,3.78778535740237,0.000151996069269306,0.0120523621521321
"VSIG10L",66.1371897104966,1.56436234743168,0.370717803017096,4.21981985947283,2.44497604746545e-05,0.00293968505967817
"FNBP1",20249.2993651278,1.60272965963447,0.410100815638215,3.90813575227897,9.30110428281112e-05,0.00846783251228931
"NANOS3",51.9386711305155,2.40458989160927,0.532071391298829,4.51929934766737,6.20446179839026e-06,0.000999581193835224
"ISG15",683.447034429205,-2.02412549891401,0.396994319864032,-5.09862584333011,3.42128047976062e-07,9.5808845637651e-05
"MTF1",7887.76328489238,1.74421454864754,0.462904099862765,3.76798250256292,0.000164572234783542,0.0127331416666429
"TMEM120A",3283.47333930533,1.72353434081605,0.526675863411537,3.27247641395957,0.00106609767159882,0.0477434793295157
"CLDN4",2.76422519168054,-4.44488649466048,1.28921948374476,-3.4477345019248,0.000565309431041008,0.0305450553179489
"SEMA4A",12963.4284419319,1.73591326868301,0.380859769932144,4.55788036891451,5.16724538915937e-06,0.000872633356827274
"GM2A",1739.75706146767,2.13552294342561,0.499698308548159,4.27362451882263,1.92320800902823e-05,0.00243126461621323
"ZSCAN16",604.675605605187,1.43705481435117,0.35739764567839,4.02088494909765,5.79799188108986e-05,0.00583040792660687
"ADA",396.778420649801,1.77865561399935,0.47633400856135,3.7340512792092,0.00018842410394721,0.0140827920662977
"LAMB3",810.8574206519,3.23277271634695,0.513499857217247,6.29556692355467,3.06278381976973e-10,3.79236666497696e-07
"SRC",4134.0024721867,3.04744265149864,0.52437671096911,5.81155224431422,6.18962099926568e-09,3.51110218889115e-06
"ADAM32",12.232559261342,2.5233181981184,0.68511612825523,3.68305181275542,0.000230458295014014,0.0163936619311737
"COL13A1",2265.96838486441,3.82674922458427,0.635332430855021,6.02322349487856,1.70977086951717e-09,1.51301043785314e-06
"ATG7",7405.54370968521,1.33802977238754,0.376188211214732,3.55680941746412,0.000375386281813475,0.0228778807508526
"ENPP1",26.1904401656661,-2.59863579181657,0.721519649549572,-3.60161472170416,0.000316246810942924,0.0203974583046364
"SLC9A8",6476.67981796904,1.45181742164456,0.32682531179166,4.44218170767032,8.90513066526429e-06,0.00133113652505163
"CLEC9A",119.120599025489,-2.74493970676268,0.366506882482183,-7.48946292133032,6.91560172894634e-14,3.0598771409896e-10
"SIRPA",50817.6455336321,1.27167564486898,0.383268955990117,3.31797194892501,0.000906735900664568,0.042862646005133
"ZKSCAN8",2321.65666538545,1.77513934637427,0.305321209020673,5.81400601703394,6.09952202097493e-09,3.51110218889115e-06
"CNEP1R1",2427.36589797663,1.29921040883471,0.357744531291361,3.63167091372414,0.000281592066961955,0.0189928698091443
"OLIG2",1292.59118226063,2.18890071987765,0.65686248700904,3.33235762913574,0.000861135181564792,0.0413505467194793
"RNVU1-7",60.3082559830483,-24.0919171357399,2.54830453872029,-9.45409654524195,3.25823436135754e-21,7.20819187763129e-17
"GPC2",41.323229423353,-1.39196456318037,0.427073990628296,-3.25930539842186,0.00111685371585599,0.0498148281368588
"PPM1N",225.61505818947,2.29388990810056,0.58367126645922,3.93010593448638,8.49084445223767e-05,0.00782678965903558
"IRF9",4639.20903369877,-1.03219185795002,0.232073378527152,-4.44769608862852,8.67962135020728e-06,0.00131520043240161
"AC245297.1",477.376656382885,2.5036849011218,0.734804096055569,3.40728217842223,0.000656132557144625,0.0341544013216718
"AL592429.1",25.6364871275338,3.18224454030682,0.587332154149634,5.41813438583865,6.02241433275844e-08,2.19588017757308e-05
"AL356234.1",19.5023929676665,3.15025334249086,0.926260245697419,3.4010456101556,0.000671286265078221,0.03453689777285
"APOL6",3214.33821531991,-1.78853760700224,0.494790924871332,-3.6147340565459,0.000300656088981232,0.0197115953490828
"BTBD19",1523.04010855309,1.9143852769025,0.415662483647662,4.60562440012084,4.11230058597427e-06,0.000745708408717285
"C10orf55",359.270209879069,1.84172970158048,0.351639969421501,5.23754368597629,1.6272779008341e-07,5.21743028987722e-05
"IL10RB-DT",399.195503435641,1.32968455921771,0.370379386330277,3.59006091670555,0.000330600690957391,0.0208714148321927
"BICD1P1",3.00442448791276,4.84873038263221,1.44416848269581,3.35745478504084,0.000786636080852567,0.0390196188715277
"AL355482.1",16.2929941659655,2.56516344218707,0.779420990117094,3.29111414076968,0.00099791414043737,0.0458978264634011
"AL390066.1",1057.04189769041,1.67564101080442,0.411413320306577,4.0728895446452,4.64334484288137e-05,0.0048684700454533
"AC083900.1",54.8101369475577,2.48247734116277,0.679483606291989,3.65347643147699,0.000258713545782061,0.017830279667715
"LINC01678",323.263590156236,2.66485005297582,0.649803072068775,4.10101177960231,4.11347617359089e-05,0.00443451902470016
"CR786580.1",11.6885377683919,-2.51890678192587,0.767127653598988,-3.28355622445415,0.00102506195363156,0.0465655967149711
"AL031658.1",83.2263387676594,3.45080735644074,0.580508253878738,5.94445872799179,2.7737184126103e-09,2.04543241473925e-06
"ZNF192P1",30.7845605952,2.1280519121384,0.474201022513154,4.48765778880068,7.20104754215659e-06,0.00111404737604986
"RPS2P36",231.525270106383,1.31631012208211,0.345782238518917,3.80676036953267,0.000140799050125519,0.0113268995851886
"LINC01268",824.103540788789,2.77728791294625,0.646309282462547,4.29714996876466,1.73008151244165e-05,0.00221240423697957
"HSD11B1-AS1",44.8968783344195,2.43971083944149,0.664905668889674,3.66925859350179,0.000243254923024986,0.0170301539939297
"UMLILO",9.49034731509125,5.09115038917088,1.14603726797836,4.4423951396902,8.89629921612827e-06,0.00133113652505163
"AL663070.1",190.597901935022,3.60510273622046,0.589307080815519,6.11752828632485,9.50378951477252e-10,1.05126167717656e-06
"MIR34AHG",78.7854576021515,1.98001119218252,0.592271099940728,3.34308257212056,0.000828532421843657,0.0405522627620514
"HDAC2-AS2",35.1225005327976,1.83766088611805,0.437855436666782,4.1969580190837,2.70524054766161e-05,0.00317668649472865
"AL121985.1",43.9999199746443,3.03203787320139,0.684649753967117,4.4285970390446,9.48480426320456e-06,0.00138961804446937
"LINC01344",14.306712112583,3.02881296773854,0.89539474308129,3.38265663400657,0.000717883270280989,0.0361770651217
"AP000355.1",64.379308468582,3.12754122089983,0.953273700280855,3.28084286808541,0.00103497385679377,0.0469195217906732
"MIR181A1HG",280.082043818487,2.22931212438952,0.581116347725854,3.8362578046784,0.000124923272658868,0.0103961810391979
"SERPINB9P1",1322.93651729389,3.34568214394745,0.606399852863636,5.51728719614286,3.44272573208261e-08,1.45528348449222e-05
"LINC02541",185.555805497383,3.62568631023962,0.661236307563433,5.48319302610558,4.17716807010593e-08,1.68020889481734e-05
"AL031728.1",41.6477656702973,2.00413404000444,0.479657395296094,4.17826152511896,2.93745775208189e-05,0.0033846550963181
"CFAP58-DT",604.62982989877,2.1562889464616,0.508165938859545,4.24327720842698,2.20279053543261e-05,0.00270735194529864
"AC013264.1",2.86741565670316,-4.65235177695037,1.24205295706091,-3.74569518191824,0.000179894916755195,0.0136295042581342
"AL355304.1",14.5025227548971,1.88247820951465,0.569703373172133,3.30431290766796,0.000952095006856156,0.0443435743930079
"AC002480.1",30.6024940414681,3.5590336660975,1.03120640710745,3.45133005532875,0.00055783093847397,0.0303216065156257
"TNF",5570.71042060297,1.19439633753424,0.313749662168874,3.80684501547402,0.000140750888251065,0.0113268995851886
"SMG7-AS1",142.129325946393,1.62861918156252,0.289312300652904,5.62927735145428,1.809662045474e-08,8.51811775149388e-06
"LINC01762",72.900234930219,1.37277179174553,0.411738667692567,3.33408518427163,0.000855804442428671,0.0413505467194793
"AC006372.2",8.50496542282368,5.35605644423226,1.44577294101787,3.70463182168939,0.000211697994721534,0.0154059037408701
"BTBD18",9.75898211960978,3.31249684159229,1.01080319851357,3.27709374729269,0.00104881539952918,0.0473527395602749
"PDYN-AS1",259.772319589952,2.96805585508207,0.567098240756714,5.23375958832391,1.66096461366149e-07,5.24936002114759e-05
"TSPY26P",238.596040612072,1.84727334689109,0.31712634269246,5.8250391033662,5.70992287799458e-09,3.5089062174965e-06
"AF064858.1",250.419278706653,2.10852893306385,0.554382812932041,3.80338077566328,0.000142734703353188,0.0114410139213137
"NRADDP",48.1151325072793,1.4748567506728,0.441706796450026,3.33899492270924,0.000840821011166059,0.0410628768874762
"FTH1P11",53.6114488379987,1.88398151229953,0.546617162554274,3.446619757594,0.000567646913520509,0.0305548726710808
"AP001056.1",192.876044130195,2.80413875926363,0.608837626925816,4.60572513138269,4.11031025666342e-06,0.000745708408717285
"AC010980.1",59.264580255438,4.74797534108543,1.08933926177075,4.35858277371501,1.30907410322638e-05,0.00176589307229739
"AL162615.1",159.768821901343,1.24603187733552,0.351606658881748,3.54382332035011,0.000394369429830232,0.0235800943138763
"AL078604.2",521.090880793619,2.13133523394132,0.530729986552356,4.01585606230122,5.92303991812728e-05,0.00587602744882197
"AL391832.2",280.313329575534,2.29147185660721,0.607296716501881,3.77323274495279,0.000161145826975893,0.0126419472701691
"RN7SL552P",6.67341768469045,3.21443693363878,0.818558728188464,3.92694723413748,8.60308453933463e-05,0.00786471236626859
"SETP6",14.8929010334684,2.97435670751602,0.812508718038199,3.66070743794307,0.000251519825881951,0.0173886659624575
"AC093583.1",1083.89627594723,4.57222889006675,0.907773373675607,5.0367514873824,4.73498878644596e-07,0.000121804833630865
"RN7SL124P",79.8485420273873,2.13144034074764,0.648317347909714,3.28764970985239,0.00101027457356021,0.0461783148571746
"ETV5",1781.02570699773,4.66626953174424,0.625229591193048,7.46328964187408,8.43885585294984e-14,3.11154680058016e-10
"AC098487.1",22.4157261936462,3.91946445512793,1.14582730549159,3.42064151931376,0.000624736219859561,0.0332175374071198
"LINC01093",85.274401087139,5.13408352630708,0.896695025614943,5.7255626268097,1.03091505688929e-08,5.30393809385156e-06
"LINC00942",46.6033118752164,6.14360579490038,1.61256133881026,3.80984316505634,0.000139054974093516,0.0112685464903695
"AC079921.2",70.9624205358608,1.45176879244577,0.442987360886328,3.2772239585822,0.00104833180959967,0.0473527395602749
"ATP6V1E2",220.758787971088,2.06444052840021,0.476662341875699,4.33103341093928,1.48411157921841e-05,0.00195434526589577
"AC084871.2",2.37236096059584,5.00597625569416,1.31263260794829,3.81369183226277,0.000136906165700361,0.0111352025874599
"MIR3945HG",399.379530336071,3.4261405396262,0.627224560971444,5.46238261830787,4.69786163837595e-08,1.8559070183177e-05
"AC007036.3",10.4904686930024,-2.85293765411068,0.855659698417122,-3.33419659636688,0.000855461709301346,0.0413505467194793
"AC090541.1",26.6711434051261,4.53121127832143,0.976453176208402,4.64047983940845,3.47601088798783e-06,0.000657263152777391
"AZIN1-AS1",4217.35428926463,3.15274995629239,0.522820236209946,6.03027529911134,1.63680607732435e-09,1.50879420202694e-06
"MIR3142HG",347.944778046565,2.59604672581633,0.720579569161205,3.60272041689756,0.000314904177140341,0.0203974583046364
"NPM1P52",18.0910599148065,3.80895403706621,0.675826623414571,5.63599287909332,1.74052571488711e-08,8.37079356314078e-06
"AC080023.1",153.809848737332,2.08099614677764,0.423499518396173,4.91380994873038,8.93233403987796e-07,0.000203721676251773
"AC010247.1",292.739561278952,1.43578815426048,0.350181392599439,4.10012691880184,4.1292361754203e-05,0.00443451902470016
"AC113404.3",35.7719267691789,1.77765775557854,0.494911806695128,3.59186774599135,0.000328316466266073,0.0208604379081939
"AP002761.2",12.9065367931041,3.55290382870876,1.06852573433953,3.32505218594934,0.000884019865740201,0.0421490764865743
"AC025423.2",752.632870705998,1.42914305000634,0.37832683293859,3.77753552108824,0.000158387920409267,0.0124698076982712
"AC138123.1",7.180078344805,-3.22717713356206,0.932222465427123,-3.46181008637615,0.000536555626455539,0.0295279107564077
"AL391832.3",352.367471456975,2.38179449497893,0.516736613297746,4.60930081919032,4.0402539272282e-06,0.000744854480267245
"AL133163.2",26.018957054126,4.49587160560511,0.802862396783482,5.59980343283853,2.14594999023523e-08,9.68874523142327e-06
"AC025580.2",591.41227544512,3.85152209976676,0.683116027771429,5.63816678746628,1.71870002809755e-08,8.37079356314078e-06
"AC010247.2",239.459550506086,1.63044241217662,0.357402699735004,4.5619196871918,5.06880369232207e-06,0.000862593416040316
"AC021755.2",7.03102199345395,5.93604519270611,1.30347568425039,4.55401298576571,5.26321048530138e-06,0.00088210610277517
"MMP2-AS1",272.022682060329,4.82061182912027,1.15219849336504,4.18383799048502,2.86628414539427e-05,0.00332987496248023
"PMF1-BGLAP",21.4372104358178,-1.6156710617102,0.446859570729279,-3.61561252693639,0.000299638279985825,0.0197115953490828
"AP001063.1",21.9536911952306,2.68446998533706,0.549982017172245,4.88101410867827,1.05541690078906e-06,0.000235247377190454
"XKR7",127.073566882164,1.92325072005707,0.489174410890367,3.93162577035966,8.43733358927645e-05,0.0078100054809859
"AC005632.2",358.521744622537,1.27087321879683,0.373412620379003,3.40340189227384,0.000665523092319168,0.0344809540313278
"AC009163.4",20.8728055714093,1.63711927645261,0.469736748083704,3.48518459143606,0.000491797643084356,0.028041338293699
"AL358933.1",107.621797183255,2.7434498465136,0.461340018824327,5.94669817178439,2.73605241985564e-09,2.04543241473925e-06
"AC026401.2",37.1305105765184,1.20482778509025,0.366394379112537,3.28833588552458,0.00100781523066659,0.0461612760828923
"IKBKE",1825.96182603359,2.38647063956373,0.438019937556213,5.44831509925838,5.08492154161121e-08,1.97357402219412e-05
"AK4P1",44.4222849755272,1.48733092951517,0.359263565251396,4.13994368862427,3.47391086310259e-05,0.00384266650122093
"FCGR1CP",89.4254363821868,-2.19356305724926,0.652000250249993,-3.36435922594845,0.000767216123997773,0.0381418478903432
"AP001099.1",5.17061254594246,-2.76672087143844,0.82453866903714,-3.35547740249623,0.000792281290313718,0.039115251987837
"AC002091.1",293.275783791604,1.32819709022734,0.382010695143384,3.47685838934121,0.000507325694432185,0.0285586929718148
"AC024267.6",17.6747824352903,2.38231435493977,0.722731075881556,3.29626666742387,0.000979789655405645,0.0452523727485158
"AC010980.2",427.947801054335,5.86598080031051,1.15567587522223,5.07580103217306,3.85866913304964e-07,0.00010410406979324
"AC011477.1",15.2524383366231,-1.39255116642163,0.402125039984343,-3.46298048605939,0.000534227138072091,0.0294730847271044
"AC087645.2",11.412464711546,3.89959457826226,1.18300587620543,3.29634421662423,0.000979519212306043,0.0452523727485158
"AL031666.2",83.7696093514167,5.46388567320843,0.930389957285004,5.87268341669631,4.28796865036155e-09,2.96446032662339e-06
"SIGLEC18P",42.422100574618,5.12358105784844,1.01432733465748,5.05121067212351,4.390185361623e-07,0.000115623893756173
"SIGLEC22P",27.5508829080734,-1.75366374138829,0.518899400690721,-3.37958328541898,0.000725958082815357,0.0363356802400999
"ZSCAN16-AS1",144.824787113821,2.1136668642139,0.347858102077429,6.07623295703322,1.23038630371497e-09,1.23726528168574e-06
"AC008760.1",18.7357326059268,2.46251951391389,0.682212448377473,3.60960800373927,0.000306660073113547,0.0199536494043853
"NBPF9",1408.71743634407,1.2613504672058,0.33733169292352,3.73919941015377,0.000184607246284124,0.0138442918967583
"MIR222HG",550.872905298769,2.38637697244426,0.489058249158098,4.8795352630333,1.06336110468948e-06,0.000235247377190454
"URGCP-MRPS24",3.60737937474789,5.535108352331,1.58176358022992,3.49932722027044,0.000466433788039346,0.0268023758254401
"NBPF19",9394.77536930134,1.46230126767504,0.343100896200921,4.26201529598662,2.02591572562235e-05,0.0025179400897721
"LINC01215",949.779837991861,1.76971518565933,0.488238298991194,3.62469554173842,0.000289302061479849,0.019336040803984
"AC016745.2",13.760416006193,-1.95683309534626,0.534287918578042,-3.66250672587579,0.000249759192918776,0.0173210740593795
"AC006027.1",17.3796899700891,-1.63431420945364,0.436316541884117,-3.74570765159691,0.000179885980430775,0.0136295042581342
"AL031666.3",52.4613360998122,1.98338203882349,0.603943240041103,3.28405371122045,0.00102325419062905,0.0465655967149711
"AC008121.2",23.2363861482694,4.26227057769216,0.758195838424715,5.62159584857096,1.89201476494983e-08,8.72021721770521e-06
"AC007336.2",27.5856982293983,4.99531152871056,1.30764277454715,3.8200888086125,0.000133403631948393,0.0108903636516395
"CCL23",58.4392055324213,5.36841576822254,0.852885448658745,6.29441594608626,3.08559417662999e-10,3.79236666497696e-07
"AC008121.3",16.3537874206462,4.25383976491745,1.05834559483605,4.0193295891938,5.83639779213046e-05,0.00584247187128064
"MLLT6",49599.9295843731,1.28323510705578,0.33772349365432,3.79966194584392,0.000144893602426741,0.0115721341750425
"CCL4",29411.5520264806,2.83358551654806,0.646049518028075,4.38601908596257,1.15443996173819e-05,0.00159622970459587
"CCL18",51.9920982101538,3.30729439944064,0.972973736758511,3.39916101996646,0.000675929097443746,0.0346950798671647
"AL021578.1",12.7828876076447,3.63046217337507,1.00114180423917,3.62632162397224,0.000287487248163756,0.0192729708822024
"CCL4L2",23613.4320692846,2.52582387581843,0.740498604821697,3.41097722449675,0.000647304982257014,0.0338542035992244
"AC008760.2",324.096896059624,2.87401580603192,0.546808010052901,5.25598702505084,1.47232670689829e-07,4.7900417259869e-05
"CCL3",27820.7153418516,3.11383675324307,0.713257027322685,4.3656587092192,1.26740238402275e-05,0.00173078660134168
"AP003108.4",51.3864777078372,1.30700604741852,0.366214134726688,3.56896668773847,0.000358391987304491,0.021937093292186
"AC244034.3",216.480940536238,3.50289169018023,0.85710692159743,4.0868783134451,4.37216288797417e-05,0.00465025767166599
"AC079753.1",137.903018053009,3.05138977096835,0.595600150663208,5.12321860155776,3.0036377716488e-07,8.74335242397188e-05
"LINC01348",53.7733399256747,2.90757272032819,0.760418009313524,3.82365052473315,0.000131490254976436,0.0107739218920137
"SCAANT1",3.0549114978649,-4.60421186744814,1.32942175526655,-3.46331918310227,0.000533555065304681,0.0294730847271044
"TMEM272",32.7870451157514,-1.62849563818473,0.479785089258392,-3.39421894228083,0.000688246450220553,0.0351641483099984
"BISPR",249.759142646714,-1.46061685274445,0.370764066797506,-3.93947791478447,8.16591184855931e-05,0.00762255138504969
"AC127502.3",8.68423057088582,6.89423077343222,1.78532397506291,3.86161328124735,0.000112640762951313,0.00981083306603107
"MIR548A1HG",8.18377558080277,5.18409235033495,1.01159237357574,5.1246850863559,2.98035453708292e-07,8.74335242397188e-05
"AC005280.3",630.807307058745,1.28244269157589,0.369809332838029,3.4678483686013,0.00052464323176146,0.0290894291134305
"AP001056.2",749.135889497822,3.37885578711155,0.720880516271207,4.68712319288203,2.77072197621662e-06,0.000537690195437195
"Z84488.2",15.1152334448372,6.92811511110716,1.59110116577675,4.35428950724512,1.33499184785607e-05,0.0017847941346298
"AL136961.1",59.6904411250305,3.76033794801191,1.05155994309024,3.57596157282419,0.00034894290992412,0.0216844494276722
"AL590068.3",22.8072501447461,4.57006599120125,1.14377075764521,3.99561359709012,6.45269067972862e-05,0.00631649893396621
"AC005050.2",3.12397607260446,4.83845758191858,1.46197517473749,3.3095347072411,0.00093451179159316,0.0437086773053181
"AC242843.1",6749.17520588796,1.30036789271073,0.346229255362101,3.75580016007241,0.000172788531807563,0.0132729190596483
"AC084871.4",18.8616065382918,1.87647461578603,0.540422790368424,3.47223442317593,0.00051614541546027,0.028762430796543
